time,tick_secs,tick_nsecs,status,pose_0,pose_1,pose_2,vel_0,vel_1,vel_2
2025/08/05 14:32:20.392044634,1754371940,391897425,041,0.050217170268297195,-0.003422696841880679,0.0026351239066570997,0.36408731341362,-0.0335359126329422,0.021462956443428993
2025/08/05 14:32:20.454741801,1754371940,454551801,041,0.050217170268297195,-0.003422696841880679,0.0026351239066570997,0.36408731341362,-0.0335359126329422,0.021462956443428993
2025/08/05 14:32:20.493352884,1754371940,493197592,041,0.08663461357355118,-0.00668033491820097,0.004781419411301613,0.4741414189338684,-0.04813846945762634,0.02701680362224579
2025/08/05 14:32:20.555831592,1754371940,555597259,041,0.08663461357355118,-0.00668033491820097,0.004781419411301613,0.4741414189338684,-0.04813846945762634,0.02701680362224579
2025/08/05 14:32:20.593978134,1754371940,593786717,041,0.1340712308883667,-0.011267420835793018,0.007483100052922964,0.5829081535339355,-0.064377561211586,0.032110217958688736
2025/08/05 14:32:20.656350384,1754371940,656028092,041,0.1340712308883667,-0.011267420835793018,0.007483100052922964,0.5829081535339355,-0.064377561211586,0.032110217958688736
2025/08/05 14:32:20.695525009,1754371940,695281259,041,0.19240859150886536,-0.01726880483329296,0.010694121941924095,0.62462317943573,0.044990792870521545,0.03653417155146599
2025/08/05 14:32:20.755648926,1754371940,755378384,041,0.19240859150886536,-0.01726880483329296,0.010694121941924095,0.62462317943573,0.044990792870521545,0.03653417155146599
2025/08/05 14:32:20.794073717,1754371940,793885676,041,0.25481921434402466,-0.012102016247808933,0.014347539283335209,0.6638167500495911,0.1328500360250473,0.04159364104270935
2025/08/05 14:32:20.856543842,1754371940,856284217,041,0.25481921434402466,-0.012102016247808933,0.014347539283335209,0.6638167500495911,0.1328500360250473,0.04159364104270935
2025/08/05 14:32:20.892680551,1754371940,892511842,041,0.3210034668445587,0.0021340015809983015,0.01850690320134163,0.7005592584609985,0.205413818359375,0.047280389815568924
2025/08/05 14:32:20.958729842,1754371940,956400592,041,0.3210034668445587,0.0021340015809983015,0.01850690320134163,0.7005592584609985,0.205413818359375,0.047280389815568924
2025/08/05 14:32:20.997169467,1754371940,996955009,041,0.39066725969314575,0.02396830916404724,0.02323494292795658,0.7349191904067993,0.2671007215976715,0.05358695611357689
2025/08/05 14:32:21.54947842,1754371941,54691842,041,0.39066725969314575,0.02396830916404724,0.02323494292795658,0.7349191904067993,0.2671007215976715,0.05358695611357689
2025/08/05 14:32:21.93117967,1754371941,92970134,041,0.46351879835128784,0.05237859860062599,0.02859363704919815,0.7669634819030762,0.3210529386997223,0.06050657853484154
2025/08/05 14:32:21.154986301,1754371941,154748176,041,0.46351879835128784,0.05237859860062599,0.02859363704919815,0.7669634819030762,0.3210529386997223,0.06050657853484154
2025/08/05 14:32:21.200209259,1754371941,199988051,041,0.5392659306526184,0.08666349947452545,0.034644294530153275,0.7967571020126343,0.3695048689842224,0.0680331140756607
2025/08/05 14:32:21.258457593,1754371941,257123301,041,0.5392659306526184,0.08666349947452545,0.034644294530153275,0.7967571020126343,0.3695048689842224,0.0680331140756607
2025/08/05 14:32:21.295017176,1754371941,294506843,041,0.6176139116287231,0.12635156512260437,0.041447605937719345,0.8243634700775146,0.41404545307159424,0.07616100460290909
2025/08/05 14:32:21.355167926,1754371941,354808093,041,0.6176139116287231,0.12635156512260437,0.041447605937719345,0.8243634700775146,0.41404545307159424,0.07616100460290909
2025/08/05 14:32:21.393728551,1754371941,393435301,041,0.6982638835906982,0.17113636434078217,0.04906370863318443,0.8498444557189941,0.45580464601516724,0.08488517254590988
2025/08/05 14:32:21.455164051,1754371941,454906343,041,0.6982638835906982,0.17113636434078217,0.04906370863318443,0.8498444557189941,0.45580464601516724,0.08488517254590988
2025/08/05 14:32:21.495545301,1754371941,495239218,041,0.7809106111526489,0.22082996368408203,0.05755222588777542,0.8732600212097168,0.49558591842651367,0.09420103579759598
2025/08/05 14:32:21.560406051,1754371941,558515343,041,0.7809106111526489,0.22082996368408203,0.05755222588777542,0.8732600212097168,0.49558591842651367,0.09420103579759598
2025/08/05 14:32:21.599601343,1754371941,599382593,041,0.8652413487434387,0.2753295302391052,0.06697233021259308,0.8946689367294312,0.5339607000350952,0.10410439223051071
2025/08/05 14:32:21.658718593,1754371941,657581051,041,0.8652413487434387,0.2753295302391052,0.06697233021259308,0.8946689367294312,0.5339607000350952,0.10410439223051071
2025/08/05 14:32:21.699287509,1754371941,699063926,041,0.9509342908859253,0.3345932364463806,0.07738276571035385,0.9141281247138977,0.5713352560997009,0.11459144204854965
2025/08/05 14:32:21.761748718,1754371941,760725551,041,0.9509342908859253,0.3345932364463806,0.07738276571035385,0.9141281247138977,0.5713352560997009,0.11459144204854965
2025/08/05 14:32:21.794587926,1754371941,794355134,041,1.0376567840576172,0.3986224830150604,0.08884191513061523,0.9316932559013367,0.6079985499382019,0.12565872073173523
2025/08/05 14:32:21.861682635,1754371941,859545093,041,1.0376567840576172,0.3986224830150604,0.08884191513061523,0.9316932559013367,0.6079985499382019,0.12565872073173523
2025/08/05 14:32:21.895868968,1754371941,895631968,041,1.1250642538070679,0.46744900941848755,0.10140778124332428,0.9474183320999146,0.6441560387611389,0.13730305433273315
2025/08/05 14:32:21.955827135,1754371941,955535093,041,1.1250642538070679,0.46744900941848755,0.10140778124332428,0.9474183320999146,0.6441560387611389,0.13730305433273315
2025/08/05 14:32:21.998503926,1754371941,998220426,041,1.2127982378005981,0.5411248207092285,0.11513809114694595,0.9613560438156128,0.6799538731575012,0.1495215892791748
2025/08/05 14:32:22.56710593,1754371942,56419343,041,1.2127982378005981,0.5411248207092285,0.11513809114694595,0.9613560438156128,0.6799538731575012,0.1495215892791748
2025/08/05 14:32:22.95090010,1754371942,94849551,041,1.3004858493804932,0.6197144389152527,0.13009025156497955,0.9735577702522278,0.7154959440231323,0.16231167316436768
2025/08/05 14:32:22.155523010,1754371942,155213926,041,1.3004858493804932,0.6197144389152527,0.13009025156497955,0.9735577702522278,0.7154959440231323,0.16231167316436768
2025/08/05 14:32:22.194749551,1754371942,194566593,041,1.3877372741699219,0.7032887935638428,0.14632141590118408,0.9840734004974365,0.7508561611175537,0.17567090690135956
2025/08/05 14:32:22.254785218,1754371942,254576468,041,1.3877372741699219,0.7032887935638428,0.14632141590118408,0.9840734004974365,0.7508561611175537,0.17567090690135956
2025/08/05 14:32:22.292874426,1754371942,292743093,041,1.474145531654358,0.7919198274612427,0.16388849914073944,0.9929515719413757,0.786086916923523,0.18959711492061615
2025/08/05 14:32:22.355786718,1754371942,355277468,041,1.474145531654358,0.7919198274612427,0.16388849914073944,0.9929515719413757,0.786086916923523,0.18959711492061615
2025/08/05 14:32:22.393464426,1754371942,393255926,041,1.5592846870422363,0.8856757283210754,0.18284821510314941,1.0015318393707275,0.8111401200294495,0.20255912840366364
2025/08/05 14:32:22.455297968,1754371942,455059593,041,1.5592846870422363,0.8856757283210754,0.18284821510314941,1.0015318393707275,0.8111401200294495,0.20255912840366364
2025/08/05 14:32:22.496897218,1754371942,496749176,041,1.6430193185806274,0.9836485385894775,0.20310412347316742,1.009824275970459,0.8289558291435242,0.21462370455265045
2025/08/05 14:32:22.560285552,1754371942,559922343,041,1.6430193185806274,0.9836485385894775,0.20310412347316742,1.009824275970459,0.8289558291435242,0.21462370455265045
2025/08/05 14:32:22.593406927,1754371942,593209468,041,1.7252051830291748,1.0852094888687134,0.2245665043592453,1.017838478088379,0.8416248559951782,0.22585299611091614
2025/08/05 14:32:22.655178468,1754371942,654885552,041,1.7252051830291748,1.0852094888687134,0.2245665043592453,1.017838478088379,0.8416248559951782,0.22585299611091614
2025/08/05 14:32:22.695940593,1754371942,695744843,041,1.8056915998458862,1.1899242401123047,0.24715180695056915,1.0255837440490723,0.8506340384483337,0.23630481958389282
2025/08/05 14:32:22.757576343,1754371942,757133718,041,1.8056915998458862,1.1899242401123047,0.24715180695056915,1.0255837440490723,0.8506340384483337,0.23630481958389282
2025/08/05 14:32:22.796501718,1754371942,796224052,041,1.8843233585357666,1.2974931001663208,0.2707822918891907,1.033069133758545,0.8570405840873718,0.24603299796581268
2025/08/05 14:32:22.856974010,1754371942,856532010,041,1.8843233585357666,1.2974931001663208,0.2707822918891907,1.033069133758545,0.8570405840873718,0.24603299796581268
2025/08/05 14:32:22.897038427,1754371942,896800802,041,1.9609414339065552,1.4077073335647583,0.29538556933403015,1.040303349494934,0.861596405506134,0.25508764386177063
2025/08/05 14:32:22.955312468,1754371942,955006885,041,1.9609414339065552,1.4077073335647583,0.29538556933403015,1.040303349494934,0.861596405506134,0.25508764386177063
2025/08/05 14:32:22.995426385,1754371942,995187927,041,2.0353844165802,1.5204194784164429,0.320894330739975,1.0472948551177979,0.8648360967636108,0.2635153830051422
2025/08/05 14:32:23.55779135,1754371943,55417135,041,2.0353844165802,1.5204194784164429,0.320894330739975,1.0472948551177979,0.8648360967636108,0.2635153830051422
2025/08/05 14:32:23.95208927,1754371943,94952052,041,2.107489585876465,1.6355217695236206,0.34724587202072144,1.0540517568588257,0.8671399354934692,0.2713596224784851
2025/08/05 14:32:23.161022135,1754371943,159752760,041,2.107489585876465,1.6355217695236206,0.34724587202072144,1.0540517568588257,0.8671399354934692,0.2713596224784851
2025/08/05 14:32:23.198693177,1754371943,198383218,041,2.177093982696533,1.7529305219650269,0.3743818402290344,1.060581922531128,0.8687782287597656,0.27866077423095703
2025/08/05 14:32:23.256686094,1754371943,256272760,041,2.177093982696533,1.7529305219650269,0.3743818402290344,1.060581922531128,0.8687782287597656,0.27866077423095703
2025/08/05 14:32:23.296975802,1754371943,296720010,041,2.244034767150879,1.8725757598876953,0.40224793553352356,1.0668931007385254,0.8699432015419006,0.28545641899108887
2025/08/05 14:32:23.359966552,1754371943,358498885,041,2.244034767150879,1.8725757598876953,0.40224793553352356,1.0668931007385254,0.8699432015419006,0.28545641899108887
2025/08/05 14:32:23.403780260,1754371943,403543802,041,2.3081512451171875,1.994394063949585,0.43079355359077454,1.0729924440383911,0.8707716464996338,0.29178154468536377
2025/08/05 14:32:23.459235094,1754371943,458181552,041,2.3081512451171875,1.994394063949585,0.43079355359077454,1.0729924440383911,0.8707716464996338,0.29178154468536377
2025/08/05 14:32:23.498491219,1754371943,498216635,041,2.3692843914031982,2.1183226108551025,0.45997172594070435,1.0788871049880981,0.8713607788085938,0.29766878485679626
2025/08/05 14:32:23.557585010,1754371943,556178719,041,2.3692843914031982,2.1183226108551025,0.45997172594070435,1.0788871049880981,0.8713607788085938,0.29766878485679626
2025/08/05 14:32:23.595744594,1754371943,595578385,041,2.4272780418395996,2.2442965507507324,0.4897385835647583,1.08458411693573,0.87177973985672,0.30314838886260986
2025/08/05 14:32:23.655689260,1754371943,655419344,041,2.4272780418395996,2.2442965507507324,0.4897385835647583,1.08458411693573,0.87177973985672,0.30314838886260986
2025/08/05 14:32:23.694658469,1754371943,694448885,041,2.4819796085357666,2.3722455501556396,0.5200534462928772,1.0900897979736328,0.8720776438713074,0.3082486093044281
2025/08/05 14:32:23.754988719,1754371943,754693260,041,2.4819796085357666,2.3722455501556396,0.5200534462928772,1.0900897979736328,0.8720776438713074,0.3082486093044281
2025/08/05 14:32:23.794186010,1754371943,793999677,041,2.533241033554077,2.5020933151245117,0.5508782863616943,1.0954108238220215,0.8722894787788391,0.3129957318305969
2025/08/05 14:32:23.855721219,1754371943,855475885,041,2.533241033554077,2.5020933151245117,0.5508782863616943,1.0954108238220215,0.8722894787788391,0.3129957318305969
2025/08/05 14:32:23.897184385,1754371943,896971552,041,2.580918312072754,2.633755683898926,0.5821778774261475,1.1005533933639526,0.8724401593208313,0.31741419434547424
2025/08/05 14:32:23.956473344,1754371943,956173052,041,2.580918312072754,2.633755683898926,0.5821778774261475,1.1005533933639526,0.8724401593208313,0.31741419434547424
2025/08/05 14:32:23.998263261,1754371943,998022761,041,2.624873399734497,2.767141103744507,0.6139193177223206,1.1055233478546143,0.8725472688674927,0.3215267062187195
2025/08/05 14:32:24.56302927,1754371944,55889427,041,2.624873399734497,2.767141103744507,0.6139193177223206,1.1055233478546143,0.8725472688674927,0.3215267062187195
2025/08/05 14:32:24.95243177,1754371944,94951969,041,2.664973258972168,2.9021494388580322,0.6460719704627991,1.1103265285491943,0.8726234436035156,0.32535451650619507
2025/08/05 14:32:24.159057886,1754371944,157375802,041,2.664973258972168,2.9021494388580322,0.6460719704627991,1.1103265285491943,0.8726234436035156,0.32535451650619507
2025/08/05 14:32:24.204582386,1754371944,204282011,041,2.7010910511016846,3.0386722087860107,0.6786074042320251,1.1149686574935913,0.8726776242256165,0.3289172947406769
2025/08/05 14:32:24.261922261,1754371944,259709052,041,2.7010910511016846,3.0386722087860107,0.6786074042320251,1.1149686574935913,0.8726776242256165,0.3289172947406769
2025/08/05 14:32:24.296065011,1754371944,295868927,041,2.7331066131591797,3.176593065261841,0.7114991545677185,1.1194548606872559,0.8727161884307861,0.33223339915275574
2025/08/05 14:32:24.356612594,1754371944,356222261,041,2.7331066131591797,3.176593065261841,0.7114991545677185,1.1194548606872559,0.8727161884307861,0.33223339915275574
2025/08/05 14:32:24.402717886,1754371944,402333677,041,2.76090669631958,3.3157882690429688,0.7447224855422974,1.1237906217575073,0.872743546962738,0.3353199064731598
2025/08/05 14:32:24.456159511,1754371944,455643386,041,2.76090669631958,3.3157882690429688,0.7447224855422974,1.1237906217575073,0.872743546962738,0.3353199064731598
2025/08/05 14:32:24.503594052,1754371944,503304886,041,2.7843844890594482,3.4561259746551514,0.7782544493675232,1.1279809474945068,0.8727630376815796,0.33819273114204407
2025/08/05 14:32:24.556665011,1754371944,556168844,041,2.7843844890594482,3.4561259746551514,0.7782544493675232,1.1279809474945068,0.8727630376815796,0.33819273114204407
2025/08/05 14:32:24.603211302,1754371944,602949511,041,2.803441286087036,3.5974674224853516,0.8120737671852112,1.1320306062698364,0.8727769255638123,0.34086665511131287
2025/08/05 14:32:24.656393553,1754371944,656120886,041,2.803441286087036,3.5974674224853516,0.8120737671852112,1.1320306062698364,0.8727769255638123,0.34086665511131287
2025/08/05 14:32:24.705844678,1754371944,705674636,041,2.817985773086548,3.7396671772003174,0.8461604118347168,1.1359444856643677,0.8727867603302002,0.3433554470539093
2025/08/05 14:32:24.765260803,1754371944,758155886,041,2.817985773086548,3.7396671772003174,0.8461604118347168,1.1359444856643677,0.8727867603302002,0.3433554470539093
2025/08/05 14:32:24.795724386,1754371944,795485636,041,2.8279342651367188,3.8825738430023193,0.8804959654808044,1.139726996421814,0.8727937340736389,0.3456719219684601
2025/08/05 14:32:24.858279011,1754371944,857081136,041,2.8279342651367188,3.8825738430023193,0.8804959654808044,1.139726996421814,0.8727937340736389,0.3456719219684601
2025/08/05 14:32:24.899777011,1754371944,899583719,041,2.8332111835479736,4.026029586791992,0.9150631427764893,1.1433825492858887,0.8727987408638,0.3478280007839203
2025/08/05 14:32:24.965052678,1754371944,962409219,041,2.8332111835479736,4.026029586791992,0.9150631427764893,1.1433825492858887,0.8727987408638,0.3478280007839203
2025/08/05 14:32:25.4056719,1754371945,3647261,041,2.833749771118164,4.169872283935547,0.9498459696769714,1.1469155550003052,0.8728022575378418,0.3498348295688629
2025/08/05 14:32:25.56206511,1754371945,55776219,041,2.833749771118164,4.169872283935547,0.9498459696769714,1.1469155550003052,0.8728022575378418,0.3498348295688629
2025/08/05 14:32:25.102333928,1754371945,102082594,041,2.829490900039673,4.313934326171875,0.9848294258117676,1.1503299474716187,0.8728048205375671,0.3517026901245117
2025/08/05 14:32:25.156251636,1754371945,155822094,041,2.829490900039673,4.313934326171875,0.9848294258117676,1.1503299474716187,0.8728048205375671,0.3517026901245117
2025/08/05 14:32:25.199601844,1754371945,199421636,041,2.8203847408294678,4.458044052124023,1.0199997425079346,1.1536297798156738,0.8728066086769104,0.3534412384033203
2025/08/05 14:32:25.258176428,1754371945,257047094,041,2.8203847408294678,4.458044052124023,1.0199997425079346,1.1536297798156738,0.8728066086769104,0.3534412384033203
2025/08/05 14:32:25.297107969,1754371945,296955469,041,2.806389331817627,4.602025508880615,1.0553438663482666,1.1568188667297363,0.8728078603744507,0.355059415102005
2025/08/05 14:32:25.357944553,1754371945,356065178,041,2.806389331817627,4.602025508880615,1.0553438663482666,1.1568188667297363,0.8728078603744507,0.355059415102005
2025/08/05 14:32:25.396796928,1754371945,396618011,041,2.7874717712402344,4.745699882507324,1.090849757194519,1.1599009037017822,0.8728087544441223,0.35656556487083435
2025/08/05 14:32:25.462368095,1754371945,460677428,041,2.7874717712402344,4.745699882507324,1.090849757194519,1.1599009037017822,0.8728087544441223,0.35656556487083435
2025/08/05 14:32:25.499578636,1754371945,499274428,041,2.76360821723938,4.888885974884033,1.1265063285827637,1.1628797054290771,0.8728094100952148,0.35796743631362915
2025/08/05 14:32:25.557534053,1754371945,557065053,041,2.76360821723938,4.888885974884033,1.1265063285827637,1.1628797054290771,0.8728094100952148,0.35796743631362915
2025/08/05 14:32:25.599226928,1754371945,598947595,041,2.734783411026001,5.031398773193359,1.16230309009552,1.1657583713531494,0.872809886932373,0.3592722415924072
2025/08/05 14:32:25.657928928,1754371945,657477386,041,2.734783411026001,5.031398773193359,1.16230309009552,1.1657583713531494,0.872809886932373,0.3592722415924072
2025/08/05 14:32:25.699819636,1754371945,699545178,041,2.700990915298462,5.17305326461792,1.198230266571045,1.168540596961975,0.8728101849555969,0.3604866862297058
2025/08/05 14:32:25.756657011,1754371945,756131428,041,2.700990915298462,5.17305326461792,1.198230266571045,1.168540596961975,0.8728101849555969,0.3604866862297058
2025/08/05 14:32:25.795481803,1754371945,795261470,041,2.662233352661133,5.313661575317383,1.234278917312622,1.171229362487793,0.872810423374176,0.3616170883178711
2025/08/05 14:32:25.857929761,1754371945,857311303,041,2.662233352661133,5.313661575317383,1.234278917312622,1.171229362487793,0.872810423374176,0.3616170883178711
2025/08/05 14:32:25.903447636,1754371945,903177928,041,2.6185221672058105,5.453035354614258,1.270440697669983,1.1738280057907104,0.8728106021881104,0.3626691997051239
2025/08/05 14:32:25.961366720,1754371945,959644053,041,2.6185221672058105,5.453035354614258,1.270440697669983,1.1738280057907104,0.8728106021881104,0.3626691997051239
2025/08/05 14:32:26.1046345,1754371946,734428,041,2.5698773860931396,5.590986251831055,1.3067076206207275,1.1763393878936768,0.8728107213973999,0.3636484742164612
2025/08/05 14:32:26.57625637,1754371946,56605095,041,2.5698773860931396,5.590986251831055,1.3067076206207275,1.1763393878936768,0.8728107213973999,0.3636484742164612
2025/08/05 14:32:26.107432970,1754371946,107187220,041,2.5163283348083496,5.727324962615967,1.3430724143981934,1.1787666082382202,0.8728107810020447,0.36455994844436646
2025/08/05 14:32:26.163531303,1754371946,160574220,041,2.5163283348083496,5.727324962615967,1.3430724143981934,1.1787666082382202,0.8728107810020447,0.36455994844436646
2025/08/05 14:32:26.197310887,1754371946,196911012,041,2.4579124450683594,5.861862659454346,1.3795284032821655,1.181112289428711,0.8728108406066895,0.365408331155777
2025/08/05 14:32:26.256088887,1754371946,255716803,041,2.4579124450683594,5.861862659454346,1.3795284032821655,1.181112289428711,0.8728108406066895,0.365408331155777
2025/08/05 14:32:26.302340387,1754371946,302147928,041,2.394676446914673,5.994412899017334,1.4160692691802979,1.1833792924880981,0.8728109002113342,0.36619794368743896
2025/08/05 14:32:26.355243345,1754371946,354978512,041,2.394676446914673,5.994412899017334,1.4160692691802979,1.1833792924880981,0.8728109002113342,0.36619794368743896
2025/08/05 14:32:26.394336887,1754371946,394081970,041,2.3266751766204834,6.1247878074646,1.4526890516281128,1.185570240020752,0.8728109002113342,0.3669328987598419
2025/08/05 14:32:26.455488512,1754371946,455174137,041,2.3266751766204834,6.1247878074646,1.4526890516281128,1.185570240020752,0.8728109002113342,0.3669328987598419
2025/08/05 14:32:26.499151303,1754371946,498913178,041,2.253972053527832,6.252803325653076,1.4893823862075806,1.187687635421753,0.872810959815979,0.3676169812679291
2025/08/05 14:32:26.558004428,1754371946,556886928,041,2.253972053527832,6.252803325653076,1.4893823862075806,1.187687635421753,0.872810959815979,0.3676169812679291
2025/08/05 14:32:26.599120970,1754371946,598847553,041,2.1766388416290283,6.378276824951172,1.526144027709961,1.1897339820861816,0.872810959815979,0.3682537078857422
2025/08/05 14:32:26.656596345,1754371946,656360053,041,2.1766388416290283,6.378276824951172,1.526144027709961,1.1897339820861816,0.872810959815979,0.3682537078857422
2025/08/05 14:32:26.700599595,1754371946,700397387,041,2.0947554111480713,6.501027584075928,1.562969446182251,1.1917117834091187,0.872810959815979,0.3688463270664215
2025/08/05 14:32:26.759420970,1754371946,758079345,041,2.0947554111480713,6.501027584075928,1.562969446182251,1.1917117834091187,0.872810959815979,0.3688463270664215
2025/08/05 14:32:26.798988137,1754371946,798790970,041,2.0084097385406494,6.620878219604492,1.5998539924621582,1.1936230659484863,0.872810959815979,0.36939793825149536
2025/08/05 14:32:26.859162887,1754371946,858558095,041,2.0084097385406494,6.620878219604492,1.5998539924621582,1.1936230659484863,0.872810959815979,0.36939793825149536
2025/08/05 14:32:26.898516262,1754371946,898174929,041,1.9176974296569824,6.737654685974121,1.636793851852417,1.1954703330993652,0.872810959815979,0.3699113428592682
2025/08/05 14:32:26.956781720,1754371946,956340387,041,1.9176974296569824,6.737654685974121,1.636793851852417,1.1954703330993652,0.872810959815979,0.3699113428592682
2025/08/05 14:32:27.6238679,1754371947,5938845,041,1.822722315788269,6.851185321807861,1.6737849712371826,1.1972556114196777,0.8728110194206238,0.3703891932964325
2025/08/05 14:32:27.57577262,1754371947,57101679,041,1.822722315788269,6.851185321807861,1.6737849712371826,1.1972556114196777,0.8728110194206238,0.3703891932964325
2025/08/05 14:32:27.104445720,1754371947,104173970,041,1.723595142364502,6.961303234100342,1.710823893547058,1.1989809274673462,0.8728110194206238,0.37083396315574646
2025/08/05 14:32:27.156528970,1754371947,156212679,041,1.723595142364502,6.961303234100342,1.710823893547058,1.1989809274673462,0.8728110194206238,0.37083396315574646
2025/08/05 14:32:27.195445429,1754371947,195224887,041,1.620434045791626,7.067845821380615,1.747907280921936,1.2006484270095825,0.8728110194206238,0.37124794721603394
2025/08/05 14:32:27.256018720,1754371947,255597095,041,1.620434045791626,7.067845821380615,1.747907280921936,1.2006484270095825,0.8728110194206238,0.37124794721603394
2025/08/05 14:32:27.299685595,1754371947,299440554,041,1.513364553451538,7.170654773712158,1.785032033920288,1.20225989818573,0.8728110194206238,0.37163329124450684
2025/08/05 14:32:27.355267220,1754371947,354995679,041,1.513364553451538,7.170654773712158,1.785032033920288,1.20225989818573,0.8728110194206238,0.37163329124450684
2025/08/05 14:32:27.397800470,1754371947,397402929,041,1.402518630027771,7.269576072692871,1.8221954107284546,1.203817367553711,0.8728110194206238,0.37199193239212036
2025/08/05 14:32:27.456450637,1754371947,456019637,041,1.402518630027771,7.269576072692871,1.8221954107284546,1.203817367553711,0.8728110194206238,0.37199193239212036
2025/08/05 14:32:27.498713637,1754371947,498442429,041,1.2880350351333618,7.364461898803711,1.8593945503234863,1.2053226232528687,0.8728110194206238,0.37232574820518494
2025/08/05 14:32:27.561981679,1754371947,560408637,041,1.2880350351333618,7.364461898803711,1.8593945503234863,1.2053226232528687,0.8728110194206238,0.37232574820518494
2025/08/05 14:32:27.596081262,1754371947,595858429,041,1.170059084892273,7.4551682472229,1.8966271877288818,1.2067772150039673,0.8728110194206238,0.37263643741607666
2025/08/05 14:32:27.657923346,1754371947,657459096,041,1.170059084892273,7.4551682472229,1.8966271877288818,1.2067772150039673,0.8728110194206238,0.37263643741607666
2025/08/05 14:32:27.696936512,1754371947,696683721,041,1.0487418174743652,7.541558265686035,1.9338908195495605,1.2081831693649292,0.8728110194206238,0.37292560935020447
2025/08/05 14:32:27.756456637,1754371947,755924887,041,1.0487418174743652,7.541558265686035,1.9338908195495605,1.2081831693649292,0.8728110194206238,0.37292560935020447
2025/08/05 14:32:27.800430929,1754371947,799948887,041,0.9242403507232666,7.623499870300293,1.9711834192276,1.2095417976379395,0.8728110194206238,0.37319478392601013
2025/08/05 14:32:27.855603721,1754371947,855369096,041,0.9242403507232666,7.623499870300293,1.9711834192276,1.2095417976379395,0.8728110194206238,0.37319478392601013
2025/08/05 14:32:27.898141929,1754371947,897989887,041,0.7967174053192139,7.700868129730225,2.008502960205078,1.2108550071716309,0.8728110194206238,0.3734453320503235
2025/08/05 14:32:27.955845596,1754371947,955621637,041,0.7967174053192139,7.700868129730225,2.008502960205078,1.2108550071716309,0.8728110194206238,0.3734453320503235
2025/08/05 14:32:27.991612637,1754371947,991483429,041,0.6663409471511841,7.773542881011963,2.0458474159240723,1.212123990058899,0.8728110194206238,0.3736785054206848
2025/08/05 14:32:28.58855387,1754371948,57630054,041,0.6663409471511841,7.773542881011963,2.0458474159240723,1.212123990058899,0.8728110194206238,0.3736785054206848
2025/08/05 14:32:28.95249846,1754371948,95098804,041,0.5332839488983154,7.841412544250488,2.0832152366638184,1.213350534439087,0.8728110194206238,0.3738955557346344
2025/08/05 14:32:28.154915888,1754371948,154546554,041,0.5332839488983154,7.841412544250488,2.0832152366638184,1.213350534439087,0.8728110194206238,0.3738955557346344
2025/08/05 14:32:28.195697054,1754371948,195533096,041,0.39772412180900574,7.9043707847595215,2.1206047534942627,1.2145358324050903,0.8728110194206238,0.3740975558757782
2025/08/05 14:32:28.255019513,1754371948,254780221,041,0.39772412180900574,7.9043707847595215,2.1206047534942627,1.2145358324050903,0.8728110194206238,0.3740975558757782
2025/08/05 14:32:28.294779346,1754371948,294239888,041,0.25984370708465576,7.962318420410156,2.1580145359039307,1.2156814336776733,0.8728110194206238,0.37428557872772217
2025/08/05 14:32:28.355361471,1754371948,355030596,041,0.25984370708465576,7.962318420410156,2.1580145359039307,1.2156814336776733,0.8728110194206238,0.37428557872772217
2025/08/05 14:32:28.395268929,1754371948,395023221,041,0.11982898414134979,8.015164375305176,2.1954431533813477,1.2167885303497314,0.8728110194206238,0.3744606077671051
2025/08/05 14:32:28.459863346,1754371948,459512221,041,0.11982898414134979,8.015164375305176,2.1954431533813477,1.2167885303497314,0.8728110194206238,0.3744606077671051
2025/08/05 14:32:28.496229221,1754371948,495980846,041,-0.022129911929368973,8.062823295593262,2.232889175415039,1.2178584337234497,0.8728110194206238,0.37462347745895386
2025/08/05 14:32:28.560568471,1754371948,556719138,041,-0.022129911929368973,8.062823295593262,2.232889175415039,1.2178584337234497,0.8728110194206238,0.37462347745895386
2025/08/05 14:32:28.598539263,1754371948,598228471,041,-0.1658392995595932,8.105218887329102,2.2703514099121094,1.2188925743103027,0.8728110194206238,0.37477511167526245
2025/08/05 14:32:28.655503013,1754371948,655199388,041,-0.1658392995595932,8.105218887329102,2.2703514099121094,1.2188925743103027,0.8728110194206238,0.37477511167526245
2025/08/05 14:32:28.692592804,1754371948,692426054,041,-0.3111023008823395,8.142281532287598,2.3078291416168213,1.219891905784607,0.8728110194206238,0.3749162256717682
2025/08/05 14:32:28.754857971,1754371948,754640346,041,-0.3111023008823395,8.142281532287598,2.3078291416168213,1.219891905784607,0.8728110194206238,0.3749162256717682
2025/08/05 14:32:28.791808596,1754371948,791487304,041,-0.45771917700767517,8.1739501953125,2.345320701599121,1.2208577394485474,0.8728110194206238,0.37504756450653076
2025/08/05 14:32:28.855201471,1754371948,854907471,041,-0.45771917700767517,8.1739501953125,2.345320701599121,1.2208577394485474,0.8728110194206238,0.37504756450653076
2025/08/05 14:32:28.893863721,1754371948,893685013,041,-0.605487585067749,8.20016860961914,2.3828253746032715,1.2217912673950195,0.8728110194206238,0.3751698136329651
2025/08/05 14:32:28.955654013,1754371948,955255721,041,-0.605487585067749,8.20016860961914,2.3828253746032715,1.2217912673950195,0.8728110194206238,0.3751698136329651
2025/08/05 14:32:28.995839013,1754371948,995623138,041,-0.7542028427124023,8.220892906188965,2.420342445373535,1.2226933240890503,0.8728110194206238,0.3752835988998413
2025/08/05 14:32:29.56590971,1754371949,56233888,041,-0.7542028427124023,8.220892906188965,2.420342445373535,1.2226933240890503,0.8728110194206238,0.3752835988998413
2025/08/05 14:32:29.94505180,1754371949,94247096,041,-0.9036585688591003,8.236083984375,2.4578707218170166,1.2235652208328247,0.8728110194206238,0.3753895163536072
2025/08/05 14:32:29.155464638,1754371949,155139930,041,-0.9036585688591003,8.236083984375,2.4578707218170166,1.2235652208328247,0.8728110194206238,0.3753895163536072
2025/08/05 14:32:29.196590596,1754371949,196364430,041,-1.0536466836929321,8.245711326599121,2.4954097270965576,1.2244077920913696,0.8728110194206238,0.3754881024360657
2025/08/05 14:32:29.255161138,1754371949,254948138,041,-1.0536466836929321,8.245711326599121,2.4954097270965576,1.2244077920913696,0.8728110194206238,0.3754881024360657
2025/08/05 14:32:29.293344513,1754371949,293072930,041,-1.2039576768875122,8.249753952026367,2.532958507537842,1.225222110748291,0.8728110194206238,0.375579833984375
2025/08/05 14:32:29.359767846,1754371949,359539055,041,-1.2039576768875122,8.249753952026367,2.532958507537842,1.225222110748291,0.8728110194206238,0.375579833984375
2025/08/05 14:32:29.401084013,1754371949,400856096,041,-1.3543812036514282,8.248197555541992,2.570516586303711,1.2260091304779053,0.8728110194206238,0.37566524744033813
2025/08/05 14:32:29.458378180,1754371949,456985138,041,-1.3543812036514282,8.248197555541992,2.570516586303711,1.2260091304779053,0.8728110194206238,0.37566524744033813
2025/08/05 14:32:29.494241805,1754371949,494046430,041,-1.5047065019607544,8.241037368774414,2.6080830097198486,1.2267696857452393,0.8728110194206238,0.3757447302341461
2025/08/05 14:32:29.555156763,1754371949,554904847,041,-1.5047065019607544,8.241037368774414,2.6080830097198486,1.2267696857452393,0.8728110194206238,0.3757447302341461
2025/08/05 14:32:29.604524430,1754371949,604261597,041,-1.6547223329544067,8.22827434539795,2.645657539367676,1.227504849433899,0.8728110194206238,0.37581872940063477
2025/08/05 14:32:29.658802472,1754371949,657768638,041,-1.6547223329544067,8.22827434539795,2.645657539367676,1.227504849433899,0.8728110194206238,0.37581872940063477
2025/08/05 14:32:29.693775888,1754371949,693626805,041,-1.8042174577713013,8.209919929504395,2.683239459991455,1.228215217590332,0.8728110194206238,0.37588757276535034
2025/08/05 14:32:29.760781222,1754371949,758531097,041,-1.8042174577713013,8.209919929504395,2.683239459991455,1.228215217590332,0.8728110194206238,0.37588757276535034
2025/08/05 14:32:29.792489638,1754371949,792368555,041,-1.9529809951782227,8.185992240905762,2.720828056335449,1.2289018630981445,0.8728110194206238,0.3759516775608063
2025/08/05 14:32:29.855616097,1754371949,855295597,041,-1.9529809951782227,8.185992240905762,2.720828056335449,1.2289018630981445,0.8728110194206238,0.3759516775608063
2025/08/05 14:32:29.895215555,1754371949,895035805,041,-2.1008031368255615,8.156519889831543,2.758423328399658,1.2295653820037842,0.8728110194206238,0.37601134181022644
2025/08/05 14:32:29.954940847,1754371949,954709430,041,-2.1008031368255615,8.156519889831543,2.758423328399658,1.2295653820037842,0.8728110194206238,0.37601134181022644
2025/08/05 14:32:29.993517305,1754371949,993335513,041,-2.247474431991577,8.121537208557129,2.7960243225097656,1.2302066087722778,0.8728110194206238,0.3760668635368347
2025/08/05 14:32:30.55973888,1754371950,55645430,041,-2.247474431991577,8.121537208557129,2.7960243225097656,1.2302066087722778,0.8728110194206238,0.3760668635368347
2025/08/05 14:32:30.95380930,1754371950,95101722,041,-2.392787218093872,8.081086158752441,2.8336310386657715,1.2308263778686523,0.8728110194206238,0.376118540763855
2025/08/05 14:32:30.157991638,1754371950,157673597,041,-2.392787218093872,8.081086158752441,2.8336310386657715,1.2308263778686523,0.8728110194206238,0.376118540763855
2025/08/05 14:32:30.195865388,1754371950,195582680,041,-2.5365357398986816,8.0352201461792,2.8712430000305176,1.231425404548645,0.8728110194206238,0.3761666417121887
2025/08/05 14:32:30.255402180,1754371950,255097764,041,-2.5365357398986816,8.0352201461792,2.8712430000305176,1.231425404548645,0.8728110194206238,0.3761666417121887
2025/08/05 14:32:30.293952805,1754371950,293768347,041,-2.6785154342651367,7.983996868133545,2.9088597297668457,1.2320042848587036,0.8728110194206238,0.37621140480041504
2025/08/05 14:32:30.355090930,1754371950,354843514,041,-2.6785154342651367,7.983996868133545,2.9088597297668457,1.2320042848587036,0.8728110194206238,0.37621140480041504
2025/08/05 14:32:30.393975972,1754371950,393799555,041,-2.8185245990753174,7.927483558654785,2.9464807510375977,1.2325637340545654,0.8728110194206238,0.3762530982494354
2025/08/05 14:32:30.456260264,1754371950,455976555,041,-2.8185245990753174,7.927483558654785,2.9464807510375977,1.2325637340545654,0.8728110194206238,0.3762530982494354
2025/08/05 14:32:30.496570972,1754371950,496361222,041,-2.956364154815674,7.8657546043396,2.9841060638427734,1.2331043481826782,0.8728110194206238,0.3762918710708618
2025/08/05 14:32:30.555746222,1754371950,555493055,041,-2.956364154815674,7.8657546043396,2.9841060638427734,1.2331043481826782,0.8728110194206238,0.3762918710708618
2025/08/05 14:32:30.598492097,1754371950,598213555,041,-3.0918374061584473,7.798893451690674,3.021735191345215,1.2336268424987793,0.8728110194206238,0.3763279914855957
2025/08/05 14:32:30.655938764,1754371950,655641180,041,-3.0918374061584473,7.798893451690674,3.021735191345215,1.2336268424987793,0.8728110194206238,0.3763279914855957
2025/08/05 14:32:30.698358847,1754371950,698098305,041,-3.2247512340545654,7.726989269256592,3.059368133544922,1.234131932258606,0.8728110194206238,0.37636157870292664
2025/08/05 14:32:30.762987055,1754371950,761241639,041,-3.2247512340545654,7.726989269256592,3.059368133544922,1.234131932258606,0.8728110194206238,0.37636157870292664
2025/08/05 14:32:30.793987180,1754371950,793732055,041,-3.3549160957336426,7.650138854980469,3.0970041751861572,1.2346199750900269,0.8728110194206238,0.3763928711414337
2025/08/05 14:32:30.855125666,1754371950,854859833,041,-3.3549160957336426,7.650138854980469,3.0970041751861572,1.2346199750900269,0.8728110194206238,0.3763928711414337
2025/08/05 14:32:30.894875666,1754371950,894686625,041,-3.4821457862854004,7.568447589874268,3.1346435546875,1.2350916862487793,0.8728110194206238,0.3764219582080841
2025/08/05 14:32:30.962854166,1754371950,960057291,041,-3.4821457862854004,7.568447589874268,3.1346435546875,1.2350916862487793,0.8728110194206238,0.3764219582080841
2025/08/05 14:32:30.998527083,1754371950,998265166,041,-3.6062583923339844,7.482027053833008,-3.1108996868133545,1.2355475425720215,0.8728110194206238,0.3764490783214569
2025/08/05 14:32:31.58510583,1754371951,57502458,041,-3.6062583923339844,7.482027053833008,-3.1108996868133545,1.2355475425720215,0.8728110194206238,0.3764490783214569
2025/08/05 14:32:31.96690291,1754371951,96439166,041,-3.727076530456543,7.390995502471924,-3.0732545852661133,1.2359880208969116,0.8728110194206238,0.3764742910861969
2025/08/05 14:32:31.159069500,1754371951,155188750,041,-3.727076530456543,7.390995502471924,-3.0732545852661133,1.2359880208969116,0.8728110194206238,0.3764742910861969
2025/08/05 14:32:31.195233041,1754371951,195092583,041,-3.8444268703460693,7.295478343963623,-3.03560733795166,1.236413836479187,0.8728110194206238,0.376497745513916
2025/08/05 14:32:31.261013875,1754371951,259762416,041,-3.8444268703460693,7.295478343963623,-3.03560733795166,1.236413836479187,0.8728110194206238,0.376497745513916
2025/08/05 14:32:31.292824833,1754371951,292681625,041,-3.958141326904297,7.1956071853637695,-2.997957468032837,1.2368253469467163,0.8728110194206238,0.3765196204185486
2025/08/05 14:32:31.355347500,1754371951,355041625,041,-3.958141326904297,7.1956071853637695,-2.997957468032837,1.2368253469467163,0.8728110194206238,0.3765196204185486
2025/08/05 14:32:31.393992333,1754371951,393699708,041,-4.068056583404541,7.0915207862854,-2.9603054523468018,1.2372230291366577,0.8728110194206238,0.376539945602417
2025/08/05 14:32:31.455743458,1754371951,455358666,041,-4.068056583404541,7.0915207862854,-2.9603054523468018,1.2372230291366577,0.8728110194206238,0.376539945602417
2025/08/05 14:32:31.505538583,1754371951,505339375,041,-4.174015045166016,6.983363151550293,-2.922651529312134,1.2376073598861694,0.8728110194206238,0.3765588700771332
2025/08/05 14:32:31.558250042,1754371951,557159958,041,-4.174015045166016,6.983363151550293,-2.922651529312134,1.2376073598861694,0.8728110194206238,0.3765588700771332
2025/08/05 14:32:31.608749000,1754371951,608464333,041,-4.275864124298096,6.871285438537598,-2.884995698928833,1.2379788160324097,0.8728110194206238,0.3765764832496643
2025/08/05 14:32:31.656078792,1754371951,655736583,041,-4.275864124298096,6.871285438537598,-2.884995698928833,1.2379788160324097,0.8728110194206238,0.3765764832496643
2025/08/05 14:32:31.701850208,1754371951,701584000,041,-4.373457908630371,6.755443096160889,-2.8473379611968994,1.238337755203247,0.8728110194206238,0.37659287452697754
2025/08/05 14:32:31.759196500,1754371951,757772917,041,-4.373457908630371,6.755443096160889,-2.8473379611968994,1.238337755203247,0.8728110194206238,0.37659287452697754
2025/08/05 14:32:31.803113708,1754371951,802841958,041,-4.466655254364014,6.635998725891113,-2.809678792953491,1.2386847734451294,0.8728110194206238,0.37660813331604004
2025/08/05 14:32:31.857381833,1754371951,856899292,041,-4.466655254364014,6.635998725891113,-2.809678792953491,1.2386847734451294,0.8728110194206238,0.37660813331604004
2025/08/05 14:32:31.894775875,1754371951,894581083,041,-4.555322170257568,6.513118267059326,-2.7720179557800293,1.2390199899673462,0.8728110194206238,0.37662234902381897
2025/08/05 14:32:31.955752583,1754371951,955490917,041,-4.555322170257568,6.513118267059326,-2.7720179557800293,1.2390199899673462,0.8728110194206238,0.37662234902381897
2025/08/05 14:32:31.999038833,1754371951,998697750,041,-4.639330863952637,6.386974334716797,-2.7343556880950928,1.2393441200256348,0.8728110194206238,0.3766355812549591
2025/08/05 14:32:32.56564417,1754371952,56070167,041,-4.639330863952637,6.386974334716797,-2.7343556880950928,1.2393441200256348,0.8728110194206238,0.3766355812549591
2025/08/05 14:32:32.94094958,1754371952,93895917,041,-4.718559741973877,6.257744312286377,-2.6966919898986816,1.2396572828292847,0.8728110194206238,0.3766478896141052
2025/08/05 14:32:32.155336083,1754371952,155068250,041,-4.718559741973877,6.257744312286377,-2.6966919898986816,1.2396572828292847,0.8728110194206238,0.3766478896141052
2025/08/05 14:32:32.192537000,1754371952,192374667,041,-4.7928948402404785,6.125608921051025,-2.659027338027954,1.239959955215454,0.8728110194206238,0.3766593337059021
2025/08/05 14:32:32.257392042,1754371952,256026292,041,-4.7928948402404785,6.125608921051025,-2.659027338027954,1.239959955215454,0.8728110194206238,0.3766593337059021
2025/08/05 14:32:32.299010500,1754371952,298753084,041,-4.8622283935546875,5.990753650665283,-2.621361494064331,1.2402524948120117,0.8728110194206238,0.3766700029373169
2025/08/05 14:32:32.359923834,1754371952,358314625,041,-4.8622283935546875,5.990753650665283,-2.621361494064331,1.2402524948120117,0.8728110194206238,0.3766700029373169
2025/08/05 14:32:32.395716042,1754371952,395495875,041,-4.926459789276123,5.853369235992432,-2.5836944580078125,1.2405351400375366,0.8728110194206238,0.376679927110672
2025/08/05 14:32:32.454843250,1754371952,454609417,041,-4.926459789276123,5.853369235992432,-2.5836944580078125,1.2405351400375366,0.8728110194206238,0.376679927110672
2025/08/05 14:32:32.494986875,1754371952,494872500,041,-4.9854960441589355,5.713647842407227,-2.5460264682769775,1.240808367729187,0.8728110194206238,0.3766891658306122
2025/08/05 14:32:32.555323125,1754371952,555077334,041,-4.9854960441589355,5.713647842407227,-2.5460264682769775,1.240808367729187,0.8728110194206238,0.3766891658306122
2025/08/05 14:32:32.594157584,1754371952,594011459,041,-5.039251327514648,5.571787357330322,-2.508357524871826,1.241072416305542,0.8728110194206238,0.37669774889945984
2025/08/05 14:32:32.657423292,1754371952,656998792,041,-5.039251327514648,5.571787357330322,-2.508357524871826,1.241072416305542,0.8728110194206238,0.37669774889945984
2025/08/05 14:32:32.695974584,1754371952,695640042,041,-5.087647438049316,5.427987575531006,-2.4706876277923584,1.2413276433944702,0.8728110194206238,0.37670576572418213
2025/08/05 14:32:32.757279000,1754371952,756696334,041,-5.087647438049316,5.427987575531006,-2.4706876277923584,1.2413276433944702,0.8728110194206238,0.37670576572418213
2025/08/05 14:32:32.801199542,1754371952,800876792,041,-5.130613327026367,5.282451152801514,-2.4330170154571533,1.2415741682052612,0.8728110194206238,0.37671318650245667
2025/08/05 14:32:32.858336334,1754371952,857289167,041,-5.130613327026367,5.282451152801514,-2.4330170154571533,1.2415741682052612,0.8728110194206238,0.37671318650245667
2025/08/05 14:32:32.900871125,1754371952,900661084,041,-5.168086051940918,5.135383605957031,-2.395345687866211,1.2418125867843628,0.8728110194206238,0.376720130443573
2025/08/05 14:32:32.957074584,1754371952,956684417,041,-5.168086051940918,5.135383605957031,-2.395345687866211,1.2418125867843628,0.8728110194206238,0.376720130443573
2025/08/05 14:32:32.996339126,1754371952,996143792,041,-5.200011253356934,4.986992835998535,-2.3576738834381104,1.242042899131775,0.8728110194206238,0.37672659754753113
2025/08/05 14:32:33.58988292,1754371953,57674542,041,-5.200011253356934,4.986992835998535,-2.3576738834381104,1.242042899131775,0.8728110194206238,0.37672659754753113
2025/08/05 14:32:33.97987292,1754371953,97746501,041,-5.226341247558594,4.837489128112793,-2.3200011253356934,1.2422655820846558,0.8728110194206238,0.37673258781433105
2025/08/05 14:32:33.159595084,1754371953,157546126,041,-5.226341247558594,4.837489128112793,-2.3200011253356934,1.2422655820846558,0.8728110194206238,0.37673258781433105
2025/08/05 14:32:33.196092334,1754371953,195784709,041,-5.247036457061768,4.6870832443237305,-2.282327890396118,1.242480754852295,0.8728110194206238,0.37673819065093994
2025/08/05 14:32:33.258218459,1754371953,257970042,041,-5.247036457061768,4.6870832443237305,-2.282327890396118,1.242480754852295,0.8728110194206238,0.37673819065093994
2025/08/05 14:32:33.294464292,1754371953,294239376,041,-5.26206636428833,4.5359883308410645,-2.2446539402008057,1.2426886558532715,0.8728110194206238,0.3767433762550354
2025/08/05 14:32:33.357445292,1754371953,356387959,041,-5.26206636428833,4.5359883308410645,-2.2446539402008057,1.2426886558532715,0.8728110194206238,0.3767433762550354
2025/08/05 14:32:33.398768584,1754371953,398591251,041,-5.271407604217529,4.38441801071167,-2.206979751586914,1.242889642715454,0.8728110194206238,0.3767482340335846
2025/08/05 14:32:33.456396834,1754371953,456138209,041,-5.271407604217529,4.38441801071167,-2.206979751586914,1.242889642715454,0.8728110194206238,0.3767482340335846
2025/08/05 14:32:33.503534376,1754371953,503345376,041,-5.275044918060303,4.2325873374938965,-2.169304847717285,1.2430838346481323,0.8728110194206238,0.37675273418426514
2025/08/05 14:32:33.560270292,1754371953,558227417,041,-5.275044918060303,4.2325873374938965,-2.169304847717285,1.2430838346481323,0.8728110194206238,0.37675273418426514
2025/08/05 14:32:33.597917876,1754371953,597688501,041,-5.272972106933594,4.080711841583252,-2.131629705429077,1.2432714700698853,0.8728110194206238,0.3767569363117218
2025/08/05 14:32:33.660671918,1754371953,660203543,041,-5.272972106933594,4.080711841583252,-2.131629705429077,1.2432714700698853,0.8728110194206238,0.3767569363117218
2025/08/05 14:32:33.695379918,1754371953,695157626,041,-5.265190124511719,3.9290058612823486,-2.093953847885132,1.2434529066085815,0.8728110194206238,0.3767608404159546
2025/08/05 14:32:33.755153418,1754371953,754851876,041,-5.265190124511719,3.9290058612823486,-2.093953847885132,1.2434529066085815,0.8728110194206238,0.3767608404159546
2025/08/05 14:32:33.795590543,1754371953,795418418,041,-5.251708507537842,3.7776851654052734,-2.0562777519226074,1.2436282634735107,0.8728110194206238,0.3767644762992859
2025/08/05 14:32:33.855346501,1754371953,855106793,041,-5.251708507537842,3.7776851654052734,-2.0562777519226074,1.2436282634735107,0.8728110194206238,0.3767644762992859
2025/08/05 14:32:33.899571834,1754371953,899336334,041,-5.232544422149658,3.6269640922546387,-2.018601417541504,1.2437976598739624,0.8728110194206238,0.3767678439617157
2025/08/05 14:32:33.959054376,1754371953,958140334,041,-5.232544422149658,3.6269640922546387,-2.018601417541504,1.2437976598739624,0.8728110194206238,0.3767678439617157
2025/08/05 14:32:34.2278418,1754371954,1876376,041,-5.207724094390869,3.4770565032958984,-1.9809246063232422,1.2439614534378052,0.8728110194206238,0.3767710030078888
2025/08/05 14:32:34.57025001,1754371954,56516959,041,-5.207724094390869,3.4770565032958984,-1.9809246063232422,1.2439614534378052,0.8728110194206238,0.3767710030078888
2025/08/05 14:32:34.99075334,1754371954,98776918,041,-5.177281379699707,3.3281750679016113,-1.9432475566864014,1.244119644165039,0.8728110194206238,0.3767739236354828
2025/08/05 14:32:34.157912043,1754371954,156654668,041,-5.177281379699707,3.3281750679016113,-1.9432475566864014,1.244119644165039,0.8728110194206238,0.3767739236354828
2025/08/05 14:32:34.193341459,1754371954,193164626,041,-5.141258239746094,3.1805315017700195,-1.905570149421692,1.2442725896835327,0.8728110194206238,0.37677666544914246
2025/08/05 14:32:34.255618084,1754371954,255396626,041,-5.141258239746094,3.1805315017700195,-1.905570149421692,1.2442725896835327,0.8728110194206238,0.37677666544914246
2025/08/05 14:32:34.300209793,1754371954,300093918,041,-5.099703788757324,3.034335136413574,-1.8678925037384033,1.2444204092025757,0.8728110194206238,0.3767791986465454
2025/08/05 14:32:34.363857585,1754371954,362135085,041,-5.099703788757324,3.034335136413574,-1.8678925037384033,1.2444204092025757,0.8728110194206238,0.3767791986465454
2025/08/05 14:32:34.398629168,1754371954,398383918,041,-5.052676200866699,2.889793872833252,-1.830214500427246,1.2445632219314575,0.8728110194206238,0.37678155303001404
2025/08/05 14:32:34.455695251,1754371954,455393293,041,-5.052676200866699,2.889793872833252,-1.830214500427246,1.2445632219314575,0.8728110194206238,0.37678155303001404
2025/08/05 14:32:34.499050460,1754371954,498758168,041,-5.000240802764893,2.74711275100708,-1.7925363779067993,1.2447013854980469,0.8728110194206238,0.3767837584018707
2025/08/05 14:32:34.562074918,1754371954,560126835,041,-5.000240802764893,2.74711275100708,-1.7925363779067993,1.2447013854980469,0.8728110194206238,0.3767837584018707
2025/08/05 14:32:34.609077543,1754371954,608746460,041,-4.942471027374268,2.606494426727295,-1.7548580169677734,1.2448347806930542,0.8728110194206238,0.3767858147621155
2025/08/05 14:32:34.655986001,1754371954,655478751,041,-4.942471027374268,2.606494426727295,-1.7548580169677734,1.2448347806930542,0.8728110194206238,0.3767858147621155
2025/08/05 14:32:34.700869585,1754371954,700540626,041,-4.879447937011719,2.468139171600342,-1.7171794176101685,1.2449637651443481,0.8728110194206238,0.3767876923084259
2025/08/05 14:32:34.760750668,1754371954,758144835,041,-4.879447937011719,2.468139171600342,-1.7171794176101685,1.2449637651443481,0.8728110194206238,0.3767876923084259
2025/08/05 14:32:34.795119501,1754371954,794773001,041,-4.8112592697143555,2.3322434425354004,-1.679500699043274,1.2450883388519287,0.8728110194206238,0.37678948044776917
2025/08/05 14:32:34.858274835,1754371954,856770626,041,-4.8112592697143555,2.3322434425354004,-1.679500699043274,1.2450883388519287,0.8728110194206238,0.37678948044776917
2025/08/05 14:32:34.901136710,1754371954,900924335,041,-4.738001346588135,2.199000358581543,-1.6418217420578003,1.245208740234375,0.8728110194206238,0.3767911195755005
2025/08/05 14:32:34.959540793,1754371954,957723835,041,-4.738001346588135,2.199000358581543,-1.6418217420578003,1.245208740234375,0.8728110194206238,0.3767911195755005
2025/08/05 14:32:34.998181876,1754371954,997937001,041,-4.6597771644592285,2.0685994625091553,-1.6041425466537476,1.2453252077102661,0.8728110194206238,0.37679266929626465
2025/08/05 14:32:35.56272877,1754371955,55946002,041,-4.6597771644592285,2.0685994625091553,-1.6041425466537476,1.2453252077102661,0.8728110194206238,0.37679266929626465
2025/08/05 14:32:35.94829210,1754371955,94616877,041,-4.576696395874023,1.9412262439727783,-1.5664633512496948,1.2454376220703125,0.8728110194206238,0.37679409980773926
2025/08/05 14:32:35.159428335,1754371955,158232168,041,-4.576696395874023,1.9412262439727783,-1.5664633512496948,1.2454376220703125,0.8728110194206238,0.37679409980773926
2025/08/05 14:32:35.194693293,1754371955,194480502,041,-4.4888763427734375,1.8170617818832397,-1.528783917427063,1.2455463409423828,0.8728110194206238,0.3767954409122467
2025/08/05 14:32:35.255488210,1754371955,255207210,041,-4.4888763427734375,1.8170617818832397,-1.528783917427063,1.2455463409423828,0.8728110194206238,0.3767954409122467
2025/08/05 14:32:35.294280543,1754371955,294039335,041,-4.3964409828186035,1.6962828636169434,-1.4911043643951416,1.2456514835357666,0.8728110194206238,0.3767966628074646
2025/08/05 14:32:35.359365002,1754371955,358326835,041,-4.3964409828186035,1.6962828636169434,-1.4911043643951416,1.2456514835357666,0.8728110194206238,0.3767966628074646
2025/08/05 14:32:35.397793335,1754371955,397595210,041,-4.299520492553711,1.5790612697601318,-1.4534246921539307,1.2457530498504639,0.8728110194206238,0.3767978250980377
2025/08/05 14:32:35.455656502,1754371955,455388293,041,-4.299520492553711,1.5790612697601318,-1.4534246921539307,1.2457530498504639,0.8728110194206238,0.3767978250980377
2025/08/05 14:32:35.497588543,1754371955,497393252,041,-4.198251724243164,1.4655638933181763,-1.4157449007034302,1.2458511590957642,0.8728110194206238,0.3767988979816437
2025/08/05 14:32:35.558358710,1754371955,557245085,041,-4.198251724243164,1.4655638933181763,-1.4157449007034302,1.2458511590957642,0.8728110194206238,0.3767988979816437
2025/08/05 14:32:35.596533377,1754371955,596249585,041,-4.092778205871582,1.355952262878418,-1.3780649900436401,1.2459460496902466,0.8728110194206238,0.37679988145828247
2025/08/05 14:32:35.659179710,1754371955,658922085,041,-4.092778205871582,1.355952262878418,-1.3780649900436401,1.2459460496902466,0.8728110194206238,0.37679988145828247
2025/08/05 14:32:35.694937127,1754371955,694731168,041,-3.983248233795166,1.250382423400879,-1.34038507938385,1.2460377216339111,0.8728110194206238,0.3768008351325989
2025/08/05 14:32:35.758531335,1754371955,757171002,041,-3.983248233795166,1.250382423400879,-1.34038507938385,1.2460377216339111,0.8728110194206238,0.3768008351325989
2025/08/05 14:32:35.800131002,1754371955,799911335,041,-3.869817018508911,1.1490046977996826,-1.302704930305481,1.2461262941360474,0.8728110194206238,0.3768016993999481
2025/08/05 14:32:35.856052710,1754371955,855784502,041,-3.869817018508911,1.1490046977996826,-1.302704930305481,1.2461262941360474,0.8728110194206238,0.3768016993999481
2025/08/05 14:32:35.900843460,1754371955,900631835,041,-3.7526447772979736,1.051963448524475,-1.2650247812271118,1.2462118864059448,0.8728110194206238,0.3768025040626526
2025/08/05 14:32:35.958399960,1754371955,957649460,041,-3.7526447772979736,1.051963448524475,-1.2650247812271118,1.2462118864059448,0.8728110194206238,0.3768025040626526
2025/08/05 14:32:36.3317752,1754371956,3045669,041,-3.6318976879119873,0.95939701795578,-1.2273445129394531,1.246294617652893,0.8728110194206238,0.3768032491207123
2025/08/05 14:32:36.67042044,1754371956,64530210,041,-3.6318976879119873,0.95939701795578,-1.2273445129394531,1.246294617652893,0.8728110194206238,0.3768032491207123
2025/08/05 14:32:36.100514377,1754371956,100324544,041,-3.5077462196350098,0.871437132358551,-1.1896642446517944,1.2463746070861816,0.8728110194206238,0.3768039345741272
2025/08/05 14:32:36.156983752,1754371956,156519335,041,-3.5077462196350098,0.871437132358551,-1.1896642446517944,1.2463746070861816,0.8728110194206238,0.3768039345741272
2025/08/05 14:32:36.198184627,1754371956,197944794,041,-3.380366563796997,0.7882091999053955,-1.1519838571548462,1.2464518547058105,0.8728110194206238,0.3768045902252197
2025/08/05 14:32:36.258943752,1754371956,258423169,041,-3.380366563796997,0.7882091999053955,-1.1519838571548462,1.2464518547058105,0.8728110194206238,0.3768045902252197
2025/08/05 14:32:36.298610919,1754371956,298175752,041,-3.249938726425171,0.709831953048706,-1.1143033504486084,1.2465265989303589,0.8728110194206238,0.3768051862716675
2025/08/05 14:32:36.356337585,1754371956,355908669,041,-3.249938726425171,0.709831953048706,-1.1143033504486084,1.2465265989303589,0.8728110194206238,0.3768051862716675
2025/08/05 14:32:36.394847544,1754371956,394624460,041,-3.116647720336914,0.6364169716835022,-1.0766228437423706,1.246598720550537,0.8728110194206238,0.37680575251579285
2025/08/05 14:32:36.455080502,1754371956,454807461,041,-3.116647720336914,0.6364169716835022,-1.0766228437423706,1.246598720550537,0.8728110194206238,0.37680575251579285
2025/08/05 14:32:36.494997044,1754371956,494760669,041,-2.980682134628296,0.5680690407752991,-1.0389423370361328,1.2466685771942139,0.8728110194206238,0.3768062889575958
2025/08/05 14:32:36.555894919,1754371956,555531544,041,-2.980682134628296,0.5680690407752991,-1.0389423370361328,1.2466685771942139,0.8728110194206238,0.3768062889575958
2025/08/05 14:32:36.598518502,1754371956,598308502,041,-2.8422346115112305,0.504885733127594,-1.0012617111206055,1.24673593044281,0.8728110194206238,0.37680676579475403
2025/08/05 14:32:36.664798919,1754371956,661530377,041,-2.8422346115112305,0.504885733127594,-1.0012617111206055,1.24673593044281,0.8728110194206238,0.37680676579475403
2025/08/05 14:32:36.698321211,1754371956,698027419,041,-2.7015016078948975,0.4469570815563202,-0.9635809659957886,1.2468011379241943,0.8728110194206238,0.37680721282958984
2025/08/05 14:32:36.757018461,1754371956,756585711,041,-2.7015016078948975,0.4469570815563202,-0.9635809659957886,1.2468011379241943,0.8728110194206238,0.37680721282958984
2025/08/05 14:32:36.799358961,1754371956,799088919,041,-2.558682680130005,0.3943658769130707,-0.9259002804756165,1.2468640804290771,0.8728110194206238,0.37680763006210327
2025/08/05 14:32:36.863415544,1754371956,860422419,041,-2.558682680130005,0.3943658769130707,-0.9259002804756165,1.2468640804290771,0.8728110194206238,0.37680763006210327
2025/08/05 14:32:36.904398919,1754371956,904148711,041,-2.413980007171631,0.34718722105026245,-0.8882194757461548,1.2469249963760376,0.8728110194206238,0.3768080472946167
2025/08/05 14:32:36.958181211,1754371956,957897586,041,-2.413980007171631,0.34718722105026245,-0.8882194757461548,1.2469249963760376,0.8728110194206238,0.3768080472946167
2025/08/05 14:32:36.996447794,1754371956,996181336,041,-2.267598867416382,0.3054885268211365,-0.8505386710166931,1.2469837665557861,0.8728110194206238,0.37680840492248535
2025/08/05 14:32:37.55456544,1754371957,55107752,041,-2.267598867416382,0.3054885268211365,-0.8505386710166931,1.2469837665557861,0.8728110194206238,0.37680840492248535
2025/08/05 14:32:37.94572169,1754371957,94331461,041,-2.1197469234466553,0.2693294882774353,-0.8128578662872314,1.2470406293869019,0.8728110194206238,0.3768087327480316
2025/08/05 14:32:37.161167503,1754371957,158893003,041,-2.1197469234466553,0.2693294882774353,-0.8128578662872314,1.2470406293869019,0.8728110194206238,0.3768087327480316
2025/08/05 14:32:37.193077961,1754371957,192951961,041,-1.970633864402771,0.23876185715198517,-0.775177001953125,1.2470955848693848,0.8728110194206238,0.3768090605735779
2025/08/05 14:32:37.254951794,1754371957,254656419,041,-1.970633864402771,0.23876185715198517,-0.775177001953125,1.2470955848693848,0.8728110194206238,0.3768090605735779
2025/08/05 14:32:37.302187169,1754371957,301988044,041,-1.820471167564392,0.21382945775985718,-0.7374960780143738,1.2471486330032349,0.8728110194206238,0.37680935859680176
2025/08/05 14:32:37.359299294,1754371957,357548419,041,-1.820471167564392,0.21382945775985718,-0.7374960780143738,1.2471486330032349,0.8728110194206238,0.37680935859680176
2025/08/05 14:32:37.401284544,1754371957,401080169,041,-1.6694718599319458,0.19456811249256134,-0.6998151540756226,1.2472000122070312,0.8728110194206238,0.37680962681770325
2025/08/05 14:32:37.455975961,1754371957,455548503,041,-1.6694718599319458,0.19456811249256134,-0.6998151540756226,1.2472000122070312,0.8728110194206238,0.37680962681770325
2025/08/05 14:32:37.496737919,1754371957,496477044,041,-1.5178501605987549,0.1810055822134018,-0.6621341705322266,1.2472496032714844,0.8728110194206238,0.37680989503860474
2025/08/05 14:32:37.555202586,1754371957,554971336,041,-1.5178501605987549,0.1810055822134018,-0.6621341705322266,1.2472496032714844,0.8728110194206238,0.37680989503860474
2025/08/05 14:32:37.594045378,1754371957,593840086,041,-1.365821361541748,0.17316152155399323,-0.6244531869888306,1.2472975254058838,0.8728110194206238,0.37681013345718384
2025/08/05 14:32:37.656459919,1754371957,656228961,041,-1.365821361541748,0.17316152155399323,-0.6244531869888306,1.2472975254058838,0.8728110194206238,0.37681013345718384
2025/08/05 14:32:37.704240044,1754371957,704008836,041,-1.213600993156433,0.17104747891426086,-0.5867721438407898,1.2473437786102295,0.8728110194206238,0.37681034207344055
2025/08/05 14:32:37.758664628,1754371957,757507919,041,-1.213600993156433,0.17104747891426086,-0.5867721438407898,1.2473437786102295,0.8728110194206238,0.37681034207344055
2025/08/05 14:32:37.800381211,1754371957,800133169,041,-1.0614051818847656,0.17466683685779572,-0.5490911602973938,1.2473886013031006,0.8728110194206238,0.37681055068969727
2025/08/05 14:32:37.855554628,1754371957,855220045,041,-1.0614051818847656,0.17466683685779572,-0.5490911602973938,1.2473886013031006,0.8728110194206238,0.37681055068969727
2025/08/05 14:32:37.893848211,1754371957,893656920,041,-0.9094499945640564,0.18401481211185455,-0.5114100575447083,1.2474318742752075,0.8728110194206238,0.3768107295036316
2025/08/05 14:32:37.958158211,1754371957,957780336,041,-0.9094499945640564,0.18401481211185455,-0.5114100575447083,1.2474318742752075,0.8728110194206238,0.3768107295036316
2025/08/05 14:32:38.8141378,1754371958,7999336,041,-0.757951021194458,0.1990785151720047,-0.4737290143966675,1.2474735975265503,0.8728110194206238,0.3768109083175659
2025/08/05 14:32:38.57442461,1754371958,56183961,041,-0.757951021194458,0.1990785151720047,-0.4737290143966675,1.2474735975265503,0.8728110194206238,0.3768109083175659
2025/08/05 14:32:38.107000211,1754371958,106245378,041,-0.6071233749389648,0.21983692049980164,-0.43604791164398193,1.247514009475708,0.8728110194206238,0.37681108713150024
2025/08/05 14:32:38.155306420,1754371958,155014836,041,-0.6071233749389648,0.21983692049980164,-0.43604791164398193,1.247514009475708,0.8728110194206238,0.37681108713150024
2025/08/05 14:32:38.192730503,1754371958,192559045,041,-0.45718109607696533,0.2462608814239502,-0.3983668088912964,1.2475531101226807,0.8728110194206238,0.3768112361431122
2025/08/05 14:32:38.254968878,1754371958,254692128,041,-0.45718109607696533,0.2462608814239502,-0.3983668088912964,1.2475531101226807,0.8728110194206238,0.3768112361431122
2025/08/05 14:32:38.298258128,1754371958,298014961,041,-0.30833715200424194,0.27831321954727173,-0.36068567633628845,1.2475908994674683,0.8728110194206238,0.3768113851547241
2025/08/05 14:32:38.358546336,1754371958,356962878,041,-0.30833715200424194,0.27831321954727173,-0.36068567633628845,1.2475908994674683,0.8728110194206238,0.3768113851547241
2025/08/05 14:32:38.396776670,1754371958,396243586,041,-0.16080278158187866,0.3159487843513489,-0.3230045437812805,1.2476273775100708,0.8728110194206238,0.37681150436401367
2025/08/05 14:32:38.456719378,1754371958,456187253,041,-0.16080278158187866,0.3159487843513489,-0.3230045437812805,1.2476273775100708,0.8728110194206238,0.37681150436401367
2025/08/05 14:32:38.496539003,1754371958,496298670,041,-0.014787513762712479,0.3591143786907196,-0.2853233814239502,1.2476625442504883,0.8728110194206238,0.3768116533756256
2025/08/05 14:32:38.556837128,1754371958,556479962,041,-0.014787513762712479,0.3591143786907196,-0.2853233814239502,1.2476625442504883,0.8728110194206238,0.3768116533756256
2025/08/05 14:32:38.597602253,1754371958,597360837,041,0.1295013427734375,0.40774908661842346,-0.24764221906661987,1.2476966381072998,0.8728110194206238,0.37681177258491516
2025/08/05 14:32:38.655523962,1754371958,655296628,041,0.1295013427734375,0.40774908661842346,-0.24764221906661987,1.2476966381072998,0.8728110194206238,0.37681177258491516
2025/08/05 14:32:38.692339545,1754371958,692228753,041,0.27185890078544617,0.46178412437438965,-0.20996104180812836,1.2477295398712158,0.8728110194206238,0.3768118619918823
2025/08/05 14:32:38.754684420,1754371958,754486920,041,0.27185890078544617,0.46178412437438965,-0.20996104180812836,1.2477295398712158,0.8728110194206238,0.3768118619918823
2025/08/05 14:32:38.792575378,1754371958,792216212,041,0.4120829999446869,0.5211430191993713,-0.17227986454963684,1.2477613687515259,0.8728110194206238,0.3768119812011719
2025/08/05 14:32:38.854861962,1754371958,854628128,041,0.4120829999446869,0.5211430191993713,-0.17227986454963684,1.2477613687515259,0.8728110194206238,0.3768119812011719
2025/08/05 14:32:38.895853337,1754371958,895650212,041,0.5499745607376099,0.5857418179512024,-0.13459867238998413,1.24779212474823,0.8728110194206238,0.37681207060813904
2025/08/05 14:32:38.956885587,1754371958,956604878,041,0.5499745607376099,0.5857418179512024,-0.13459867238998413,1.24779212474823,0.8728110194206238,0.37681207060813904
2025/08/05 14:32:38.998209545,1754371958,997996503,041,0.6853376030921936,0.6554890275001526,-0.09691745787858963,1.2478219270706177,0.8728110194206238,0.3768121600151062
2025/08/05 14:32:39.56207003,1754371959,55840420,041,0.6853376030921936,0.6554890275001526,-0.09691745787858963,1.2478219270706177,0.8728110194206238,0.3768121600151062
2025/08/05 14:32:39.95260337,1754371959,95033837,041,0.8179800510406494,0.7302858829498291,-0.05923624336719513,1.2478505373001099,0.8728110194206238,0.376812219619751
2025/08/05 14:32:39.156284045,1754371959,156076545,041,0.8179800510406494,0.7302858829498291,-0.05923624336719513,1.2478505373001099,0.8728110194206238,0.376812219619751
2025/08/05 14:32:39.196135545,1754371959,195962462,041,0.9477134346961975,0.8100264668464661,-0.021555021405220032,1.2478783130645752,0.8728110194206238,0.37681230902671814
2025/08/05 14:32:39.259664087,1754371959,257730670,041,0.9477134346961975,0.8100264668464661,-0.021555021405220032,1.2478783130645752,0.8728110194206238,0.37681230902671814
2025/08/05 14:32:39.294799920,1754371959,294585920,041,1.0743534564971924,0.8945976495742798,0.016126209869980812,1.2479051351547241,0.8728110194206238,0.3768123686313629
2025/08/05 14:32:39.357778462,1754371959,356950420,041,1.0743534564971924,0.8945976495742798,0.016126209869980812,1.2479051351547241,0.8728110194206238,0.3768123686313629
2025/08/05 14:32:39.399448754,1754371959,399209337,041,1.1977202892303467,0.9838797450065613,0.05380744859576225,1.2479311227798462,0.8728110194206238,0.3768124282360077
2025/08/05 14:32:39.455353504,1754371959,455060504,041,1.1977202892303467,0.9838797450065613,0.05380744859576225,1.2479311227798462,0.8728110194206238,0.3768124282360077
2025/08/05 14:32:39.510915795,1754371959,510531670,041,1.3176387548446655,1.077746033668518,0.09148868918418884,1.2479561567306519,0.8728110194206238,0.37681248784065247
2025/08/05 14:32:39.558174254,1754371959,557765754,041,1.3176387548446655,1.077746033668518,0.09148868918418884,1.2479561567306519,0.8728110194206238,0.37681248784065247
2025/08/05 14:32:39.595651587,1754371959,595416879,041,1.4339382648468018,1.1760636568069458,0.12916994094848633,1.2479803562164307,0.8728110194206238,0.37681254744529724
2025/08/05 14:32:39.658347295,1754371959,656400420,041,1.4339382648468018,1.1760636568069458,0.12916994094848633,1.2479803562164307,0.8728110194206238,0.37681254744529724
2025/08/05 14:32:39.702751504,1754371959,702496170,041,1.5464539527893066,1.2786929607391357,0.1668511927127838,1.2480038404464722,0.8728110194206238,0.376812607049942
2025/08/05 14:32:39.754894920,1754371959,754646129,041,1.5464539527893066,1.2786929607391357,0.1668511927127838,1.2480038404464722,0.8728110194206238,0.376812607049942
2025/08/05 14:32:39.792395712,1754371959,792238254,041,1.6550257205963135,1.385488510131836,0.2045324593782425,1.2480263710021973,0.8728110194206238,0.3768126666545868
2025/08/05 14:32:39.855710004,1754371959,855438879,041,1.6550257205963135,1.385488510131836,0.2045324593782425,1.2480263710021973,0.8728110194206238,0.3768126666545868
2025/08/05 14:32:39.896794920,1754371959,896590212,041,1.7594993114471436,1.496298909187317,0.24221372604370117,1.2480483055114746,0.8728110194206238,0.3768126964569092
2025/08/05 14:32:39.958742337,1754371959,957332962,041,1.7594993114471436,1.496298909187317,0.24221372604370117,1.2480483055114746,0.8728110194206238,0.3768126964569092
2025/08/05 14:32:40.911296,1754371960,695671,041,1.8597264289855957,1.6109670400619507,0.27989500761032104,1.248069405555725,0.8728110194206238,0.37681275606155396
2025/08/05 14:32:40.62462629,1754371960,59675629,041,1.8597264289855957,1.6109670400619507,0.27989500761032104,1.248069405555725,0.8728110194206238,0.37681275606155396
2025/08/05 14:32:40.97279546,1754371960,96652587,041,1.9555646181106567,1.729330062866211,0.31757625937461853,1.2480897903442383,0.8728110194206238,0.37681278586387634
2025/08/05 14:32:40.156832962,1754371960,156411087,041,1.9555646181106567,1.729330062866211,0.31757625937461853,1.2480897903442383,0.8728110194206238,0.37681278586387634
2025/08/05 14:32:40.192563546,1754371960,192380254,041,2.04687762260437,1.8512201309204102,0.3552575409412384,1.2481095790863037,0.8728110194206238,0.37681281566619873
2025/08/05 14:32:40.254705546,1754371960,254502254,041,2.04687762260437,1.8512201309204102,0.3552575409412384,1.2481095790863037,0.8728110194206238,0.37681281566619873
2025/08/05 14:32:40.294364212,1754371960,294193379,041,2.133535861968994,1.9764642715454102,0.3929388225078583,1.2481286525726318,0.8728110194206238,0.3768128454685211
2025/08/05 14:32:40.354865129,1754371960,354627087,041,2.133535861968994,1.9764642715454102,0.3929388225078583,1.2481286525726318,0.8728110194206238,0.3768128454685211
2025/08/05 14:32:40.395227004,1754371960,395008712,041,2.215416193008423,2.1048851013183594,0.43062010407447815,1.2481471300125122,0.8728110194206238,0.3768129050731659
2025/08/05 14:32:40.455340962,1754371960,455067462,041,2.215416193008423,2.1048851013183594,0.43062010407447815,1.2481471300125122,0.8728110194206238,0.3768129050731659
2025/08/05 14:32:40.496528712,1754371960,496299504,041,2.2924020290374756,2.236299991607666,0.4683014154434204,1.2481648921966553,0.8728110194206238,0.3768129348754883
2025/08/05 14:32:40.557694004,1754371960,556328921,041,2.2924020290374756,2.236299991607666,0.4683014154434204,1.2481648921966553,0.8728110194206238,0.3768129348754883
2025/08/05 14:32:40.599641504,1754371960,599424504,041,2.364384174346924,2.3705224990844727,0.5059826970100403,1.2481820583343506,0.8728110194206238,0.3768129348754883
2025/08/05 14:32:40.655199629,1754371960,654874296,041,2.364384174346924,2.3705224990844727,0.5059826970100403,1.2481820583343506,0.8728110194206238,0.3768129348754883
2025/08/05 14:32:40.697380754,1754371960,697079713,041,2.431260108947754,2.5073626041412354,0.5436639785766602,1.2481987476348877,0.8728110194206238,0.37681296467781067
2025/08/05 14:32:40.756428588,1754371960,756146713,041,2.431260108947754,2.5073626041412354,0.5436639785766602,1.2481987476348877,0.8728110194206238,0.37681296467781067
2025/08/05 14:32:40.799806088,1754371960,799509588,041,2.4929351806640625,2.646625518798828,0.5813453197479248,1.248214840888977,0.8728110194206238,0.37681299448013306
2025/08/05 14:32:40.863548671,1754371960,862656171,041,2.4929351806640625,2.646625518798828,0.5813453197479248,1.248214840888977,0.8728110194206238,0.37681299448013306
2025/08/05 14:32:40.904595504,1754371960,904304296,041,2.549321174621582,2.788114070892334,0.6190266013145447,1.2482303380966187,0.8728110194206238,0.37681302428245544
2025/08/05 14:32:40.957347796,1754371960,956875588,041,2.549321174621582,2.788114070892334,0.6190266013145447,1.2482303380966187,0.8728110194206238,0.37681302428245544
2025/08/05 14:32:40.997878254,1754371960,997525629,041,2.6003382205963135,2.9316272735595703,0.6567078828811646,1.248245358467102,0.8728110194206238,0.37681305408477783
2025/08/05 14:32:41.61006046,1754371961,55754629,041,2.6003382205963135,2.9316272735595703,0.6567078828811646,1.248245358467102,0.8728110194206238,0.37681305408477783
2025/08/05 14:32:41.95149754,1754371961,94961254,041,2.64591383934021,3.0769615173339844,0.6943892240524292,1.2482599020004272,0.8728110194206238,0.37681305408477783
2025/08/05 14:32:41.165246671,1754371961,162140379,041,2.64591383934021,3.0769615173339844,0.6943892240524292,1.2482599020004272,0.8728110194206238,0.37681305408477783
2025/08/05 14:32:41.205481338,1754371961,205219338,041,2.685983180999756,3.223910331726074,0.7320705056190491,1.2482739686965942,0.8728110194206238,0.3768130838871002
2025/08/05 14:32:41.256157379,1754371961,255737838,041,2.685983180999756,3.223910331726074,0.7320705056190491,1.2482739686965942,0.8728110194206238,0.3768130838871002
2025/08/05 14:32:41.301377421,1754371961,301190504,041,2.720489025115967,3.372265338897705,0.769751787185669,1.2482874393463135,0.8728110194206238,0.3768130838871002
2025/08/05 14:32:41.355898380,1754371961,355125005,041,2.720489025115967,3.372265338897705,0.769751787185669,1.2482874393463135,0.8728110194206238,0.3768130838871002
2025/08/05 14:32:41.405930213,1754371961,405641255,041,2.749382734298706,3.521815776824951,0.8074331283569336,1.248300552368164,0.8728110194206238,0.3768131136894226
2025/08/05 14:32:41.458410463,1754371961,458208713,041,2.749382734298706,3.521815776824951,0.8074331283569336,1.248300552368164,0.8728110194206238,0.3768131136894226
2025/08/05 14:32:41.498632796,1754371961,498486963,041,2.77262282371521,3.672349691390991,0.8451144099235535,1.248313307762146,0.8728110194206238,0.3768131136894226
2025/08/05 14:32:41.556162255,1754371961,555910588,041,2.77262282371521,3.672349691390991,0.8451144099235535,1.248313307762146,0.8728110194206238,0.3768131136894226
2025/08/05 14:32:41.601232880,1754371961,601067171,041,2.7901761531829834,3.823653221130371,0.8827957510948181,1.2483254671096802,0.8728110194206238,0.376813143491745
2025/08/05 14:32:41.657734546,1754371961,657009463,041,2.7901761531829834,3.823653221130371,0.8827957510948181,1.2483254671096802,0.8728110194206238,0.376813143491745
2025/08/05 14:32:41.696871921,1754371961,696672463,041,2.8020179271698,3.975511312484741,0.920477032661438,1.2483372688293457,0.8728110194206238,0.376813143491745
2025/08/05 14:32:41.755611046,1754371961,755323546,041,2.8020179271698,3.975511312484741,0.920477032661438,1.2483372688293457,0.8728110194206238,0.376813143491745
2025/08/05 14:32:41.797379796,1754371961,797110421,041,2.808130979537964,4.127708911895752,0.9581583738327026,1.2483487129211426,0.8728110194206238,0.3768131732940674
2025/08/05 14:32:41.856024755,1754371961,855616505,041,2.808130979537964,4.127708911895752,0.9581583738327026,1.2483487129211426,0.8728110194206238,0.3768131732940674
2025/08/05 14:32:41.898360963,1754371961,898188755,041,2.808506965637207,4.280029773712158,0.9958397150039673,1.2483597993850708,0.8728110194206238,0.3768131732940674
2025/08/05 14:32:41.958636921,1754371961,957633671,041,2.808506965637207,4.280029773712158,0.9958397150039673,1.2483597993850708,0.8728110194206238,0.3768131732940674
2025/08/05 14:32:41.998478838,1754371961,998265380,041,2.803144931793213,4.432257175445557,1.033521056175232,1.2483705282211304,0.8728110194206238,0.3768131732940674
2025/08/05 14:32:42.61401130,1754371962,61020755,041,2.803144931793213,4.432257175445557,1.033521056175232,1.2483705282211304,0.8728110194206238,0.3768131732940674
2025/08/05 14:32:42.98159213,1754371962,97933880,041,2.7920522689819336,4.5841755867004395,1.071202278137207,1.2483807802200317,0.8728110194206238,0.37681320309638977
2025/08/05 14:32:42.156969213,1754371962,156505922,041,2.7920522689819336,4.5841755867004395,1.071202278137207,1.2483807802200317,0.8728110194206238,0.37681320309638977
2025/08/05 14:32:42.199025713,1754371962,198702047,041,2.775245189666748,4.735569477081299,1.1088836193084717,1.248390793800354,0.8728110194206238,0.37681320309638977
2025/08/05 14:32:42.257011380,1754371962,256591755,041,2.775245189666748,4.735569477081299,1.1088836193084717,1.248390793800354,0.8728110194206238,0.37681320309638977
2025/08/05 14:32:42.295297963,1754371962,295101380,041,2.752746820449829,4.886223316192627,1.1465649604797363,1.2484004497528076,0.8728110194206238,0.37681320309638977
2025/08/05 14:32:42.354932797,1754371962,354679172,041,2.752746820449829,4.886223316192627,1.1465649604797363,1.2484004497528076,0.8728110194206238,0.37681320309638977
2025/08/05 14:32:42.397179172,1754371962,396908838,041,2.7245893478393555,5.035923957824707,1.184246301651001,1.2484097480773926,0.8728110194206238,0.37681320309638977
2025/08/05 14:32:42.462057088,1754371962,461017130,041,2.7245893478393555,5.035923957824707,1.184246301651001,1.2484097480773926,0.8728110194206238,0.37681320309638977
2025/08/05 14:32:42.494493047,1754371962,494293922,041,2.690812826156616,5.184457778930664,1.2219276428222656,1.2484186887741089,0.8728110194206238,0.37681323289871216
2025/08/05 14:32:42.555855422,1754371962,555534255,041,2.690812826156616,5.184457778930664,1.2219276428222656,1.2484186887741089,0.8728110194206238,0.37681323289871216
2025/08/05 14:32:42.595242380,1754371962,595072838,041,2.6514649391174316,5.331614971160889,1.2596089839935303,1.248427391052246,0.8728110194206238,0.37681323289871216
2025/08/05 14:32:42.655124380,1754371962,654864963,041,2.6514649391174316,5.331614971160889,1.2596089839935303,1.248427391052246,0.8728110194206238,0.37681323289871216
2025/08/05 14:32:42.695798630,1754371962,695643255,041,2.6066012382507324,5.47718620300293,1.2972902059555054,1.2484358549118042,0.8728110194206238,0.37681323289871216
2025/08/05 14:32:42.756173505,1754371962,755918422,041,2.6066012382507324,5.47718620300293,1.2972902059555054,1.2484358549118042,0.8728110194206238,0.37681323289871216
2025/08/05 14:32:42.798123630,1754371962,797893589,041,2.556285858154297,5.620964527130127,1.33497154712677,1.2484439611434937,0.8728110194206238,0.37681323289871216
2025/08/05 14:32:42.855877672,1754371962,855438047,041,2.556285858154297,5.620964527130127,1.33497154712677,1.2484439611434937,0.8728110194206238,0.37681323289871216
2025/08/05 14:32:42.897440172,1754371962,897174464,041,2.500589609146118,5.762746334075928,1.3726528882980347,1.248451828956604,0.8728110194206238,0.37681326270103455
2025/08/05 14:32:42.954854422,1754371962,954609255,041,2.500589609146118,5.762746334075928,1.3726528882980347,1.248451828956604,0.8728110194206238,0.37681326270103455
2025/08/05 14:32:42.993189089,1754371962,993031297,041,2.439592123031616,5.902329921722412,1.4103342294692993,1.2484593391418457,0.8728110194206238,0.37681326270103455
2025/08/05 14:32:43.55241380,1754371963,54975047,041,2.439592123031616,5.902329921722412,1.4103342294692993,1.2484593391418457,0.8728110194206238,0.37681326270103455
2025/08/05 14:32:43.92968880,1754371963,92754297,041,2.3733794689178467,6.039517402648926,1.448015570640564,1.2484667301177979,0.8728110194206238,0.37681326270103455
2025/08/05 14:32:43.155639297,1754371963,155378797,041,2.3733794689178467,6.039517402648926,1.448015570640564,1.2484667301177979,0.8728110194206238,0.37681326270103455
2025/08/05 14:32:43.194328339,1754371963,194158172,041,2.3020455837249756,6.174113750457764,1.4856969118118286,1.2484737634658813,0.8728110194206238,0.37681326270103455
2025/08/05 14:32:43.256177880,1754371963,255974422,041,2.3020455837249756,6.174113750457764,1.4856969118118286,1.2484737634658813,0.8728110194206238,0.37681326270103455
2025/08/05 14:32:43.294563380,1754371963,294397672,041,2.2256920337677,6.3059282302856445,1.5233782529830933,1.2484806776046753,0.8728110194206238,0.37681326270103455
